epoch,loss,main_out_acc,main_out_loss,posts_reg_out_acc,posts_reg_out_loss,titles_reg_out_acc,titles_reg_out_loss,val_loss,val_main_out_acc,val_main_out_loss,val_posts_reg_out_acc,val_posts_reg_out_loss,val_titles_reg_out_acc,val_titles_reg_out_loss
0,1.5194403451664535,0.39170465436929247,1.0884330113482972,0.40793127962043307,1.0745098702758988,0.39543123112436795,1.0805268018426253,1.5185799630358816,0.39160937408450991,1.0905498437583447,0.42504687253385781,1.0676986919716001,0.40748437340371313,1.0724518903531135
