epoch,loss,main_out_acc,main_out_loss,posts_reg_out_acc,posts_reg_out_loss,titles_reg_out_acc,titles_reg_out_loss,val_loss,val_main_out_acc,val_main_out_loss,val_posts_reg_out_acc,val_posts_reg_out_loss,val_titles_reg_out_acc,val_titles_reg_out_loss
0,0.93890257320454062,0.58109004967428801,0.67581163540209988,0.6223985129667412,0.65292847131991927,0.5972549529081479,0.66252616523378705,0.90279839063222522,0.64604354639098927,0.64802082502582381,0.65155337261064727,0.63401274719392753,0.63455921346623401,0.63987506054780996
