epoch,loss,main_out_acc,main_out_loss,posts_reg_out_acc,posts_reg_out_loss,titles_reg_out_acc,titles_reg_out_loss,val_loss,val_main_out_acc,val_main_out_loss,val_posts_reg_out_acc,val_posts_reg_out_loss,val_titles_reg_out_acc,val_titles_reg_out_loss
0,1.2434224316850304,0.5754166647326201,0.89196930521478257,0.5817083318562557,0.87697184309363363,0.58084895663584268,0.88029378152762849,1.2383510619401932,0.54974999806533253,0.89116559910277526,0.584791665772597,0.8657311730086803,0.58383333173890906,0.87019613596300283
1,1.2023161008022725,0.58476041497973108,0.86023412433763347,0.59022395672897499,0.85428989212960005,0.58906249869614835,0.85611997718612354,1.2088063103457292,0.58722916624198362,0.86178230072061224,0.58499999710669115,0.86511715377370513,0.58374999786416693,0.87000289062658942
2,1.1742880555801094,0.59596874886192386,0.83891408704221249,0.60049479085331159,0.83593366382022694,0.59831249924997487,0.84093617815524335,1.2329049199819564,0.55322916364918151,0.88233627267181869,0.58256249936918414,0.87418731960157559,0.58252083056916792,0.87865593557556465
