epoch,loss,main_out_acc,main_out_loss,posts_reg_out_acc,posts_reg_out_loss,titles_reg_out_acc,titles_reg_out_loss,val_loss,val_main_out_acc,val_main_out_loss,val_posts_reg_out_acc,val_posts_reg_out_loss,val_titles_reg_out_acc,val_titles_reg_out_loss
0,0.93584364087048566,0.58865568595019535,0.67144203880127351,0.61294516895155093,0.65765149505278098,0.59428081352658269,0.66435645765856421,0.91166399845549839,0.630445206496414,0.65284904635672347,0.64007229614994765,0.64191914765126268,0.61934270091385901,0.65215557256094414
1,0.87369581748153469,0.65909887443959225,0.62269661029194545,0.65799229117369906,0.62481701140344736,0.64606886705393041,0.63017899439205194,0.88417949401168394,0.65279775811975904,0.62688380936229726,0.64678543797501742,0.63726567273815171,0.62421157483986678,0.64921270111416118
2,0.83004108343896355,0.69242544563651065,0.58740905012943434,0.67987495732675474,0.60119634714187886,0.66460412107076194,0.61196380806163597,0.8765858016051562,0.66290435722069374,0.61730184769543373,0.64590018841012953,0.64181356845841786,0.62155582498437356,0.65460614722594057
3,0.79750916454863741,0.7123715916491824,0.56201000181831562,0.69598495244707237,0.57944062132817009,0.67689640704463461,0.59805518355659515,0.96469329424563277,0.62369517853996026,0.7007752674524973,0.63583047405989512,0.65591840536080548,0.61687137946837689,0.66367168832320367
