epoch,loss,main_out_acc,main_out_loss,posts_reg_out_acc,posts_reg_out_loss,titles_reg_out_acc,titles_reg_out_loss,val_loss,val_main_out_acc,val_main_out_loss,val_posts_reg_out_acc,val_posts_reg_out_loss,val_titles_reg_out_acc,val_titles_reg_out_loss
0,0.93983389623673375,0.5804786550815082,0.67612599480922164,0.62039434314684228,0.65326238864843478,0.5969760330547369,0.66527707337510067,0.96593833900295667,0.54885820224604198,0.71255964841604613,0.65978491720973464,0.62839856379790571,0.63608603382832307,0.63849485838470221
1,0.86153346918212192,0.66995286602015702,0.61620987215848078,0.67430127023154818,0.60983942192974516,0.66404434827657233,0.61677853247404402,0.93215436294113019,0.59944237778146281,0.68334869724667202,0.67744291001219603,0.61372945467588813,0.64670738084038959,0.63029883383311813
2,0.8000508778869081,0.71244108259048722,0.56664220894474371,0.70278165135133208,0.57815587809066382,0.69184425664139582,0.58888745707581736,0.88238557370748538,0.65799256689169905,0.63218889305139558,0.67923526417620306,0.61304320918867961,0.64405204772759295,0.63794016860231595
3,0.7517111228969019,0.74203345980261504,0.52800846491400988,0.72385978946835838,0.54954062135248227,0.70756157572855238,0.56897266487007492,0.87264187630034484,0.66881306520878347,0.61654540740519337,0.65845725191949978,0.62771780374229935,0.63774561668353957,0.65276451450804729
4,0.70507873121204112,0.76711146475617764,0.48940716212682023,0.73888003845135075,0.52414300090674815,0.71884750945550835,0.55421484041987978,0.95455302439721035,0.64909718603892841,0.69384786099654461,0.66695432842126001,0.63691652017391809,0.6341609127396165,0.66660926591128156
