epoch,loss,main_out_acc,main_out_loss,posts_reg_out_acc,posts_reg_out_loss,titles_reg_out_acc,titles_reg_out_loss,val_loss,val_main_out_acc,val_main_out_loss,val_posts_reg_out_acc,val_posts_reg_out_loss,val_titles_reg_out_acc,val_titles_reg_out_loss
0,1.1720618076622487,0.72673437594203283,0.84186804350465538,0.73211718800012027,0.82301417444832625,0.73340625066775833,0.82795463618822396,1.1375024311244488,0.73434375114738937,0.8161700526252389,0.73390625119209285,0.79919763430953028,0.73418750092387197,0.8074642363935709
1,1.1176128074526788,0.73334375107660887,0.80381350605748592,0.73375781364738946,0.78419211581349368,0.73424218869768088,0.78480437211692333,1.1285256974399089,0.73000000119209285,0.80894069578498606,0.73153125196695323,0.79358327817171814,0.73365625068545337,0.80434172190725806
