epoch,loss,main_out_acc,main_out_loss,posts_reg_out_acc,posts_reg_out_loss,titles_reg_out_acc,titles_reg_out_loss,val_loss,val_main_out_acc,val_main_out_loss,val_posts_reg_out_acc,val_posts_reg_out_loss,val_titles_reg_out_acc,val_titles_reg_out_loss
0,2.5599023102472227,0.464239582081791,1.8267579051976404,0.43414062334340997,1.8995112547030051,0.47041666494430195,1.7662107341612379,1.9715889990329742,0.59591666484872496,1.3804450492064158,0.51893749485413232,1.5743177980184555,0.56381249806533262,1.3814018681645392
1,1.6676106987521053,0.64611979238688944,1.1190121706575156,0.5572031225543469,1.452455705900987,0.58723958204500382,1.2905368395460148,1.8021702873210113,0.60154166587938862,1.2662483559300501,0.57779166679829363,1.40097548092405,0.59362499875326946,1.2786340822776159
2,1.4942403144513567,0.67787500210106377,0.99030431555584075,0.59726562392897908,1.3203675974781315,0.61106249935304124,1.1993123457146189,1.6870708341399829,0.6347083328912656,1.1712378453463317,0.60172916632145645,1.3293628287812074,0.59981249856452146,1.2498020615428687
3,1.4076866570549706,0.69360416854421303,0.92840556567534804,0.62056249987023571,1.2470078771002591,0.62415624967155359,1.1493975431037446,1.6222651506463686,0.63333333240201073,1.1156726141770681,0.60122916574279472,1.2988722129414478,0.60412499842544398,1.234090402474006
